date,total_cas_confirmes,total_deces_hopital,total_deces_ehpad,total_cas_confirmes_ehpad,total_cas_possibles_ehpad,patients_reanimation,patients_hospitalises,total_patients_gueris,nouveaux_patients_hospitalises,nouveaux_patients_reanimation
2020-03-02,191,3,NaN,,,NaN,NaN,NaN,NaN,NaN
2020-03-03,212,4,NaN,,,NaN,NaN,12,NaN,NaN
2020-03-04,285,4,NaN,,,15,NaN,NaN,NaN,NaN
2020-03-05,423,7,NaN,,,23,NaN,NaN,NaN,NaN
2020-03-06,613,9,NaN,,,39,NaN,NaN,NaN,NaN
2020-03-07,949,16,NaN,,,45,NaN,NaN,NaN,NaN
2020-03-08,1126,19,NaN,,,NaN,NaN,NaN,NaN,NaN
2020-03-09,1412,25,NaN,,,66,NaN,NaN,NaN,NaN
2020-03-10,1784,33,NaN,,,86,NaN,NaN,NaN,NaN
2020-03-11,2281,48,NaN,,,105,NaN,NaN,NaN,NaN
2020-03-12,2876,61,NaN,,,129,NaN,NaN,NaN,NaN
2020-03-13,3661,79,NaN,,,NaN,NaN,NaN,NaN,NaN
2020-03-14,4500,91,NaN,,,300,NaN,NaN,NaN,NaN
2020-03-15,5423,127,NaN,,,NaN,400,NaN,NaN,NaN
2020-03-16,6633,148,NaN,,,NaN,NaN,NaN,NaN,NaN
2020-03-17,7730,175,NaN,,,699,2579,602,NaN,NaN
2020-03-18,9134,264,NaN,,,931,3626,1000,,
2020-03-19,10995,372,NaN,,,1122,4461,1300,2229,438
2020-03-20,12612,450,NaN,,,1297,5226,1587,1256,242
2020-03-21,14459,562,NaN,,,1525,6172,1811,1540,298
2020-03-22,16689,674,NaN,,,1746,7240,2200,1534,309
2020-03-23,19856,860,NaN,,,2082,8675,2567,2053,448
2020-03-24,22302,1100,NaN,,,2516,10176,3281,2618,571
2020-03-25,25233,1331,NaN,,,2827,11539,3900,3166,607
2020-03-26,29155,1696,NaN,,,3375,13904,4948,3097,612
2020-03-27,32964,1995,NaN,,,3787,15732,5698,3059,608
2020-03-28,37575,2314,NaN,,,4273,17620,6624,3353,695
2020-03-29,40174,2606,NaN,,,4632,19354,7131,2685,543
2020-03-30,44550,3024,NaN,,,5107,21008,7924,3108,694
2020-03-31,52128,3523,NaN,,,5565,22757,9444,4146,767
2020-04-01,56989,4032,371,,,6017,24639,10935,4281,771
2020-04-02,59105,4503,884,,,6399,26246,12428,3845,728
2020-04-03,64338,5091,1416,,,6662,27432,14008,3627,640
2020-04-04,68605,5532,2028,,,6838,28143,15438,2822,502
2020-04-05,70478,5889,2189,,,6978,28891,16183,1931,390
2020-04-06,74390,6494,2417,,,7072,29722,17250,2754,478
2020-04-07,78167,7091,3237,,,7131,30027,19337,3277,518
2020-04-08,82048,7632,3237,,,7148,30375,21254,3139,482
2020-04-09,86334,8044,4166,,,7066,30767,23206,2990,369
2020-04-10,90676,8598,4599,,,7004,31267,24932,3161,431
2020-04-11,93790,8943,4889,,,6883,31320,26391,2044,255
2020-04-12,95403,9253,5140,11958,25230,6845,31826,27186,1688,220
2020-04-13,98076,9588,5379,12481,26222,6821,32113,27718,1257,227
2020-04-14,103573,10129,5600,13050,26680,6730,32292,28805,1965,275
2020-04-15,106206,10643,6524,14393,27264,6457,31779,30995,2415,284
2020-04-16,108847,11060,6860,18967,37213,6248,31305,32812,2084,270
2020-04-17,109252,11478,7203,20272,38717,6027,31190,34420,2166,242
2020-04-18,111821,11842,7481,22163,39972,5833,30639,35983,1565,206
2020-04-19,112606,12069,7649,23048,40288,5744,30610,36578,890,137
2020-04-20,114657,12513,7752,23668,40726,5683,30584,37409,1464,208
2020-04-21,117324,12900,7896,,,5433,30106,39181,1885,190
2020-04-22,119151,13236,8104,25513,,5218,29741,40657,1619,183
2020-04-23,120804,13547,8309,26840,37379,5053,29219,42088,1410,178
2020-04-24,122577,13852,8393,27880,37251,4870,28658,43493,1346,155
2020-04-25,124114,14050,8564,29126,37374,4725,28222,44594,999,124
2020-04-26,124575,14202,8654,29643,37525,4682,28217,44903,481,79
2020-04-27,128339,14497,8796,30227,37503,4608,28055,45513,964,125
2020-04-28,129859,14810,8850,30817,39076,4387,27484,46886,1321,153
2020-04-29,128442,15053,9034,31795,,4207,26834,48228,1070,110
2020-04-30,129581,15244,9132,32355,,4019,26283,49476,1048,121
2020-05-01,130185,15369,9225,32791,,3878,25887,50212,668,73
2020-05-02,130979,15487,9273,33271,,3827,25827,50562,453,64
2020-05-03,131287,15583,9312,33361,,3819,25815,50784,345,80
2020-05-04,131863,15826,9375,33791,,3696,25548,51371,689,84
2020-05-05,132967,16060,9471,34108,,3430,24775,52736,987,111
2020-05-06,137150,16237,9572,34507,,3147,23983,53972,833,69
2020-05-07,137779,16386,9601,34653,,2961,23208,55027,728,99
2020-05-08,138421,16497,9733,34890,,2868,22724,55782,510,89
2020-05-09,138854,16573,9737,35046,,2812,22614,56038,265,38
2020-05-10,139063,16642,9738,35236,,2776,22569,56217,253,38
2020-05-11,139519,16820,9823,35195,,2712,22284,56724,523,82
2020-05-12,140227,17003,9988,35437,,2542,21595,57785,670,92
2020-05-13,140734,17101,9973,35604,,2428,21071,58673,543,69
2020-05-14,141356,17224,10201,35820,,2299,20463,59605,542,52
2020-05-15,141919,17342,10187,36126,,2203,19861,60448,438,64
2020-05-16,142291,17412,10213,36175,,2132,19432,61066,350,46
2020-05-17,142411,17466,10642,36461,,2087,19361,61213,152,24
2020-05-18,142903,17589,10650,36599,,1998,19015,61728,375,38
2020-05-19,143427,17714,10308,36530,,1894,18468,62563,506,69
2020-05-20,143845,17812,10320,36751,,1794,17941,63354,432,43
2020-05-21,144163,17870,10345,36853,,1745,17583,63858,271,28
2020-05-22,144556,17944,10345,36853,,1701,17383,64209,263,36
2020-05-23,144806,17987,10345,36853,,1665,17178,64547,233,30
2020-05-24,144921,18022,10345,36853,,1655,17185,64617,121,24
2020-05-25,145279,18112,10345,36853,,1609,16798,65199,342,45
2020-05-26,145555,18260,10335,37235,,1555,16264,65879,318,37
2020-05-27,145746,18260,10336,37235,,1501,15680,66584,271,32
2020-05-28,149071,18326,10336,37235,,1429,15208,67191,253,36
2020-05-29,149668,18387,10327,37273,,1361,14695,67803,255,29
2020-05-30,151496,18444,10327,37273,,1325,14380,68268,227,29
2020-05-31,151753,18475,10327,37273,,1319,14322,68355,72,18
2020-06-01,152091,18506,10327,37273,,1302,14288,68440,89,9
2020-06-02,151325,18590,10350,37405,,1253,14028,68812,229,33
2020-06-03,151677,18671,10350,37405,,1210,13514,69455,250,26
2020-06-04,152444,18715,10350,37405,,1163,13101,69976,195,23
2020-06-05,153055,18761,10350,37405,,1094,12696,70504,213,19
2020-06-06,153634,18792,10350,37405,,1059,12479,70806,143,15
2020-06-07,153977,18805,10350,37405,,1053,12461,70842,37,4
2020-06-08,154188,18859,10350,37405,,1024,12315,71062,145,23
2020-06-09,154591,18912,10384,37599,,955,11961,71506,169,15
2020-06-10,155136,18935,10384,37599,,933,11678,71832,130,23
2020-06-11,155561,18962,10384,37599,,903,11465,72149,143,26
2020-06-12,156287,18990,10384,37599,,879,11124,72572,136,18
2020-06-13,156813,19014,10384,37599,,871,10909,72808,68,14
2020-06-14,157220,19023,10384,37599,,869,10881,72859,33,6
2020-06-15,157372,19052,10384,37599,,846,10752,73044,114,12
2020-06-16,157716,19090,10457,37901,,820,10535,73335,143,14
2020-06-17,158174,19118,10457,37901,,772,10267,73667,116,14
2020-06-18,158641,19146,10457,37901,,752,10125,73887,136,15
2020-06-19,159452,19160,10457,37901,,727,9970,74117,116,10
2020-06-20,160093,19176,10457,37901,,715,9837,74312,90,7
2020-06-21,160377,19183,10457,37901,,715,9823,74372,48,5
2020-06-22,160750,19206,10457,37901,,701,9693,74612,142,16
2020-06-23,161267,19232,10488,37995,,682,9491,74871,117,15
2020-06-24,161348,19243,10488,37995,,658,9299,75127,97,8
2020-06-25,161348,19264,10488,37995,,651,9141,75351,124,15
2020-06-26,162936,19290,10488,37995,,634,8886,75649,87,15
2020-06-27,163454,19290,10488,37995,,634,8886,75649,55,9
2020-06-28,163980,19290,10488,37995,,634,8886,75649,44,4
2020-06-29,164260,19325,10488,37995,,619,8688,75999,102,15
2020-06-30,164801,19346,10497,38107,,602,8536,76274,152,8
2020-07-01,165719,19364,10497,38107,,582,8336,76549,106,17
2020-07-02,166378,19378,10497,38107,,573,8148,76802,93,12
2020-07-03,166960,19396,10497,38107,,560,7990,77060,125,12
2020-07-04,167711,19388,NaN,38107,,517,7863,77160,47,4
2020-07-05,168159,19390,NaN,38107,,521,7863,77179,21,5
2020-07-06,168335,19423,10497,38107,,548,7850,77319,98,10
2020-07-07,168810,19457,10476,39256,,538,7594,77655,127,21
2020-07-08,169473,19489,10476,39256,,529,7297,77996,83,18
2020-07-09,170094,19503,10476,39256,,512,7177,78170,79,8
2020-07-10,170752,19528,10476,39256,,496,7062,78388,136,9
2020-07-11,171504,19514,10476,39256,,470,6995,78454,57,7
2020-07-12,172089,19515,10476,39256,,473,6991,78486,26,5
2020-07-13,172377,19553,10476,39256,,492,6983,78597,68,10
2020-07-14,172888,19539,10476,39256,,465,6907,78670,61,7
2020-07-15,173304,19579,10541,39464,,482,6915,78820,133,16
2020-07-16,173838,19597,10541,39464,,481,6796,79036,119,23
2020-07-17,174674,19611,10541,39464,,477,6688,79244,119,17
2020-07-18,175639,19599,10541,39464,,450,6614,79322,68,6
2020-07-19,176404,19600,10541,39464,,448,6583,79384,36,4
2020-07-20,176754,19636,10541,39464,,467,6589,79541,137,18
2020-07-21,177338,19649,10516,39554,,455,6482,79734,109,12
2020-07-22,178336,19656,10516,39554,,445,6366,79957,132,17
2020-07-23,179398,19666,10516,39554,,436,5957,80472,123,13
2020-07-24,180528,19676,10516,39554,,410,5720,80815,126,16
2020-07-25,NaN,19664,10516,39554,,368,5634,80915,86,8
2020-07-26,NaN,19665,10516,39554,,367,5640,80947,36,1
2020-07-27,183079,19693,10516,39554,,398,5655,81082,118,25
2020-07-28,183804,19708,10515,39638,,385,5551,81311,172,22
2020-07-29,185196,19723,10515,39638,,380,5450,81500,118,14
2020-07-30,186573,19739,10515,39638,,381,5375,81667,116,14
2020-07-31,187919,19750,10515,39638,,371,5298,81881,152,16
2020-08-01,189547,19736,10515,39638,,344,5177,82016,77,11
2020-08-02,190739,19737,10515,39638,,345,5188,82029,25,3
2020-08-03,191295,19779,10515,39638,,384,5198,82166,142,29
2020-08-04,192334,19790,10506,39645,,388,5162,82318,139,21
2020-08-05,194029,19799,10506,39645,,384,5148,82460,137,15
2020-08-06,195633,19806,10506,39645,,390,5060,82670,141,21
2020-08-07,197921,19818,10506,39645,,383,5011,82836,136,20
2020-08-08,200105,19800,10506,39645,,366,4981,82881,73,12
2020-08-09,201990,19800,10506,39645,,368,4992,82886,14,4
2020-08-10,202775,19834,10506,39645,,396,5045,83047,180,28
2020-08-11,204172,19849,10505,39744,,391,5012,83237,191,21
2020-08-12,206696,19866,10505,39744,,379,4891,83472,143,17
2020-08-13,209365,19883,10505,39744,,374,4864,83663,201,25
2020-08-14,212211,19901,10505,39744,,367,4828,83848,173,20
2020-08-15,215521,19904,10505,39744,,353,4817,83880,87,15
2020-08-16,218536,19905,10505,39744,,376,4860,83921,33,2
2020-08-17,219029,19924,10505,39744,,384,4925,84065,234,34
2020-08-18,221267,19940,10511,39930,,380,4823,84309,185,28
2020-08-19,225043,19957,10511,39930,,374,4806,84467,162,31
2020-08-20,229814,19969,10511,39930,,380,4748,84642,149,28
2020-08-21,234400,19992,10511,39930,,379,4745,84829,210,37
2020-08-22,238002,20001,10511,39930,,380,4711,84950,115,10
2020-08-23,242899,20002,10511,39930,,383,4709,84973,29,6
2020-08-24,244854,20017,10511,39930,,399,4690,85199,233,43
2020-08-25,248158,20038,10506,40043,,410,4600,85524,265,49
2020-08-26,253587,20034,10506,40043,,373,4535,85731,215,21
2020-08-27,259698,20070,10506,40043,,381,4535,85984,225,32
2020-08-28,267077,20089,10507,40083,,387,4535,86177,241,32
2020-08-29,272530,20095,10507,40083,,400,4530,86298,135,28
2020-08-30,277943,20099,10507,40083,,402,4535,86310,23,5
2020-08-31,281025,20128,10507,40083,,409,4582,86469,254,45
2020-09-01,286007,20147,10514,40300,,424,4604,86712,300,54
2020-09-02,293024,20172,10514,40300,,446,4632,86963,317,57
2020-09-03,300181,20192,10514,40300,,464,4643,87206,307,55
2020-09-04,309156,20210,10476,40300,,473,4671,87447,292,46
2020-09-05,317706,20222,10476,40300,,482,4839,87579,168,23
2020-09-06,324777,20225,10476,40300,,486,4905,87608,66,8
2020-09-07,328980,20250,10476,40300,,537,4907,87836,448,83
2020-09-08,335524,20289,10475,40876,,574,4960,88226,490,86
2020-09-09,344101,20319,10475,40876,,599,5003,88524,386,71
2020-09-10,353944,20338,10475,40876,,615,5096,88742,352,54
2020-09-11,363350,20378,10515,41389,,635,5155,89059,447,64
2020-09-12,373911,20395,10515,41389,,662,5195,89231,243,51
2020-09-13,381094,20401,10515,41389,,669,5247,89270,98,18
2020-09-14,387252,20435,10515,41389,,712,5498,89507,545,104
2020-09-15,395104,20471,10528,42047,,759,5679,89891,642,117
2020-09-16,404888,20517,10528,42047,,803,5819,90335,649,100
2020-09-17,415481,20567,10528,42047,,800,5844,90840,599,81
2020-09-18,428696,20689,10560,42699,,827,5819,91574,850,100
2020-09-19,442194,20714,10560,42699,,834,5512,92319,470,73
2020-09-20,452763,20725,10560,42699,,841,5375,92582,139,24
2020-09-21,458061,20778,10560,42699,,919,5616,93008,754,143
2020-09-22,468069,20845,10571,43555,,951,5796,93538,783,130
2020-09-23,481141,20888,10571,43555,,1002,5932,93982,649,124
2020-09-24,497237,20940,10571,43555,,1048,6031,94413,613,124
2020-09-25,513034,20995,10666,44471,,1098,6128,94891,661,129
2020-09-26,527446,21034,10666,44471,,1111,6172,95303,503,89
2020-09-27,538569,21061,10666,44471,,1118,6253,95426,241,47
2020-09-28,542639,21142,10666,44471,,1164,6415,95774,619,137
2020-09-29,550690,21201,10692,45090,,1204,6500,96327,698,165
2020-09-30,563535,21264,10692,45090,,1238,6590,96797,650,135
2020-10-01,577505,21327,10692,45090,,1265,6652,97271,626,142
2020-10-02,589653,21374,10781,45701,,1276,6758,97778,721,120
2020-10-03,606625,21417,10781,45701,,1295,6758,98230,532,103
2020-10-04,619190,21449,10781,45701,,1341,6982,98374,418,91
2020-10-05,624274,21518,10781,45701,,1415,7294,98680,710,152
2020-10-06,634763,21580,10785,46520,,1426,7398,99295,829,168
2020-10-07,653509,21660,10785,46520,,1416,7536,99793,789,143
2020-10-08,671638,21736,10785,46520,,1427,7624,100306,711,114
2020-10-09,691977,21798,10832,47549,,1448,7864,100828,848,150
2020-10-10,718873,21852,10832,47549,,1465,7997,101311,694,110
2020-10-11,734974,21898,10832,47549,,1492,8252,101491,503,73
2020-10-12,743479,21993,10832,47549,,1548,8692,101899,916,171
2020-10-13,756472,22077,10856,48845,,1642,8949,102680,1168,226
2020-10-14,779063,22181,10856,48845,,1673,9194,103413,1133,193
2020-10-15,809684,22269,10856,48845,,1750,9605,104082,1207,219
2020-10-16,834770,22391,10912,48845,,1800,10042,104696,1225,212
2020-10-17,867197,22480,10912,48845,,1877,10420,105194,986,175
2020-10-18,897034,22565,10912,48845,,1948,10918,105431,835,147
2020-10-19,910277,22711,10912,48845,,2099,11661,105935,1424,269
2020-10-20,930745,22873,11012,53385,,2177,12458,106839,1944,278
2020-10-21,957421,23036,11012,53385,,2248,13185,107652,1754,284
2020-10-22,999043,23198,11012,53385,,2319,14032,108599,1998,262
2020-10-23,1041075,23382,11126,57261,,2441,15008,109486,2091,299
2020-10-24,1086497,23519,11126,57261,,2500,15660,110322,2500,233
2020-10-25,1138507,23635,11126,57261,,2584,16477,110660,1298,191
2020-10-26,1165278,23892,11126,57261,,2770,17784,111347,2314,357
2020-10-27,1198695,24180,11361,62297,,2918,18978,112716,2988,431
2020-10-28,1235132,24424,11361,62297,,3045,20207,113977,2821,372
2020-10-29,1282769,24659,11361,62297,,3156,21183,115287,2607,395
2020-10-30,1331984,24914,11651,68349,,3377,22176,116533,2563,422
2020-10-31,1367625,25137,11651,68349,,3452,23036,117658,2274,339
2020-11-01,1413915,25368,11651,68349,,3578,24031,118227,1883,289
2020-11-02,1466433,25784,11651,68349,,3730,25143,119104,2547,430
2020-11-03,1502763,26210,12079,73958,,3878,26265,120714,3311,469
2020-11-04,1543321,26595,12079,73958,,4089,27534,122662,3681,540
2020-11-05,1601367,26958,12079,73958,,4230,28426,124278,2989,447
2020-11-06,1661853,27356,12509,80369,,4331,28979,126329,3140,434
2020-11-07,1748705,27660,12509,80369,,4421,29421,127938,2458,394
2020-11-08,1787324,27930,12509,80369,,4539,30243,128614,1814,323
2020-11-09,1807479,28478,12509,80369,,4690,31125,129735,2670,484
2020-11-10,1829659,28944,13263,87932,,4750,31505,131920,3169,473
2020-11-11,1865538,29272,13263,87932,,4803,31946,133696,2588,351
2020-11-12,1898710,29697,13263,87932,,4899,32683,134954,2366,386
2020-11-13,1922504,30153,13739,94240,,4903,32707,137155,2830,471
2020-11-14,1954599,30507,13739,94240,,4871,32499,139140,2194,326
2020-11-15,1981827,30809,13739,94240,,4896,33081,139810,2194,270
2020-11-16,1991233,31315,13739,94240,,4919,33497,140880,2064,366
2020-11-17,2036755,31743,14530,101482,,4854,33170,143152,2505,382
2020-11-18,2065138,32168,14530,101482,,4775,32842,145391,2428,357
2020-11-19,2086288,32597,14530,101482,,4653,32345,147569,2213,311
2020-11-20,2109170,32978,15287,107460,,4582,31906,149521,1962,263
2020-11-21,2127051,33231,15287,107460,,4509,31197,151177,1509,219
2020-11-22,2140208,33445,15287,107460,,4509,31554,151681,904,171
2020-11-23,2144660,33945,15287,107460,,4454,31481,152592,1377,243
2020-11-24,2153815,34399,15838,112080,,4289,30622,154679,1781,269
2020-11-25,2170097,34780,15838,112080,,4148,29972,156552,1674,257
2020-11-26,2183660,35119,15838,112080,,4018,29310,158236,1459,192
2020-11-27,2196119,35512,16402,116240,,3883,28648,159915,1468,206
2020-11-28,2208699,35725,16402,116240,,3777,28168,161137,973,122
2020-11-29,2218483,35923,16402,116240,,3756,28313,161427,650,102
2020-11-30,2222488,36329,16402,116240,,3751,28258,162281,1251,196
2020-12-01,2230571,36692,16814,119716,,3605,27639,164029,1572,234
2020-12-02,2244635,37002,16814,119716,,3488,27013,165563,1252,160
2020-12-03,2257331,37326,16814,119716,,3425,26703,166940,1448,184
2020-12-04,2268552,37608,17159,123298,,3293,26311,168352,1399,163
2020-12-05,2281475,37822,17159,123298,,3230,26070,169358,1017,125
2020-12-06,2292497,37996,17159,123298,,3220,26293,169586,625,101
2020-12-07,2295908,38362,17159,123298,,3198,26365,170285,1200,202
2020-12-08,2309621,38739,17613,126828,,3088,25914,171868,1587,214
2020-12-09,2324216,39035,17613,126828,,3041,25558,173247,1372,170
2020-12-10,2337966,39327,17613,126828,,2959,25231,174658,1440,191
2020-12-11,2351372,39631,17936,129501,,2884,24975,175891,1334,180
2020-12-12,2365319,39825,17936,129501,,2861,24980,176743,1096,127
2020-12-13,2376852,39975,17936,129501,,2871,25239,176995,668,89
2020-12-14,2379915,40346,17936,129501,,2906,25481,177647,1316,209
2020-12-15,2391447,40653,18419,133545,,2881,25240,179087,1560,211
2020-12-16,2409062,40942,18419,133545,,2850,25315,180311,1659,219
2020-12-17,2427316,41200,18419,133545,,2808,25182,181506,1362,151
2020-12-18,2442990,41455,18774,137358,,2773,24977,182656,1281,176
2020-12-19,2460555,41644,18774,137358,,2727,24851,183571,1003,123
2020-12-20,2473354,41775,18774,137358,,2754,24993,183806,599,91
2020-12-21,2479151,42126,18774,137358,,2746,25233,184464,1284,179
2020-12-22,2490946,42507,19195,140766,,2728,24964,186058,1776,256
2020-12-23,2505875,42783,19195,140766,,2710,24884,187272,1421,200
2020-12-24,2527509,43073,19195,140766,,2652,24639,188639,1452,186
2020-12-25,2547771,43232,19195,140766,,2625,24392,189445,743,112
2020-12-26,2550864,43378,19195,140766,,2649,24477,189718,513,101
2020-12-27,2559686,43551,19195,140766,,2659,24653,189941,589,107
2020-12-28,2562646,43914,19195,140766,,2703,24678,190722,1212,229
2020-12-29,2574041,44298,19780,145914,,2675,24776,191806,1625,251
2020-12-30,2600498,44601,19780,145914,,2661,24593,193045,1399,209
2020-12-31,2620425,44852,19780,145914,,2634,24440,194221,1310,176
2021-01-01,2639773,44985,19780,145914,,2618,24296,194901,677,99
2021-01-02,2643239,45141,19780,145914,,2641,24491,195174,645,101
2021-01-03,2655728,45257,19780,145914,,2674,24813,195386,656,101
2021-01-04,2659750,45635,19780,145914,,2666,24995,196037,1258,245
2021-01-05,2680239,45980,20302,149671,,2625,24904,197503,1737,244
2021-01-06,2705618,46263,20302,149671,,2616,24741,198756,1433,234
2021-01-07,2727321,46539,20302,149671,,2582,24521,200079,1438,180
2021-01-08,2747135,46815,20616,152693,,2615,24410,201286,1439,245
2021-01-09,2767312,46983,20616,152693,,2609,24273,202165,941,143
2021-01-10,2783256,47134,20616,152693,,2629,24559,202429,728,117
2021-01-11,2786838,47444,20616,152693,,2676,24846,203072,1285,208
2021-01-12,2806590,47799,21003,156006,,2688,24737,204390,1653,257
2021-01-13,2830442,48028,21003,156006,,2711,24769,205672,1581,208
2021-01-14,2851670,48310,21003,156006,,2726,25017,206802,1685,206
2021-01-15,2872941,48590,21359,159791,,2740,25043,208071,1630,249
2021-01-16,2894347,48783,21359,159791,,2741,25019,209056,1197,188
2021-01-17,2910989,48924,21359,159791,,2776,25269,209343,697,136
2021-01-18,2914725,49327,21359,159791,,2813,25619,210200,1659,254
2021-01-19,2938333,49696,21646,162430,,2839,25567,211816,1988,313
2021-01-20,2965117,50006,21646,162430,,2852,25686,213242,1907,292
2021-01-21,2987965,50352,21646,162430,,2876,25735,214538,1755,252
2021-01-22,3011257,50671,21976,166457,,2912,25908,215822,1857,269
2021-01-23,3035181,50901,21976,166457,,2896,25900,216725,1169,172
2021-01-24,3053617,51073,21976,166457,,2965,26393,216965,918,175
2021-01-25,3057857,51518,21976,166457,,3041,26924,217708,1768,298
2021-01-26,3079943,51868,22238,169291,,3081,27041,219152,2002,343
2021-01-27,3106859,52218,22238,169291,,3107,27169,220570,1931,318
2021-01-28,3130629,52562,22238,169291,,3111,27166,221903,1719,270
2021-01-29,3153487,52917,22703,173312,,3130,27308,223174,1820,271
2021-01-30,3177879,53159,22703,173312,,3113,27282,224120,1174,192
2021-01-31,3197114,53354,22703,173312,,3158,27613,224406,816,148
2021-02-01,3201461,53809,22703,173312,,3228,27914,225319,1748,318
2021-02-02,3224798,54213,23025,175811,,3280,28071,226896,2184,368
2021-02-03,3251160,54570,23025,175811,,3277,27955,228472,1878,275
2021-02-04,3274608,54927,23025,175811,,3250,27808,229975,1745,275
2021-02-05,3296747,55220,23383,179604,,3245,27614,231549,1715,254
2021-02-06,3317333,55411,23383,179604,,3225,27369,232693,1122,168
2021-02-07,3337048,55582,23383,179604,,3272,27694,232977,785,160
2021-02-08,3341365,56040,23383,179604,,3363,28037,233993,1889,355
2021-02-09,3360235,56476,23671,181965,,3342,27677,235717,1926,333
2021-02-10,3385622,56772,23671,181965,,3319,27461,237113,1520,282
2021-02-11,3406685,57132,23671,181965,,3337,27007,238753,1610,269
2021-02-12,3427386,57449,23999,184192,,3308,26468,240290,1402,264
2021-02-13,3448617,57648,23999,184192,,3304,26240,241354,1082,191
2021-02-14,3465163,57815,23999,184192,,3309,26445,241628,649,113
2021-02-15,3469539,58227,23999,184192,,3381,26522,242528,1426,306
2021-02-16,3489129,58578,24234,186226,,3348,26239,244238,1853,322
2021-02-17,3514147,58888,24234,186226,,3350,25974,245737,1555,309
2021-02-18,3536648,59159,24234,186226,,3394,25762,247127,1486,261
2021-02-19,3560764,59484,24480,188270,,3390,25551,248488,1537,308
2021-02-20,NaN,59641,24480,,,3369,25269,249520,1029,195
2021-02-21,NaN,59800,24480,,,3392,25464,249727,593,141
2021-02-22,NaN,60133,24480,,,3407,25831,250532,1529,274
2021-02-23,NaN,60443,24601,,,3435,25660,252083,1780,345
2021-02-24,NaN,60720,24601,,,3436,25614,253450,1636,319
2021-02-25,NaN,60981,24601,,,3430,25317,254868,1454,301
2021-02-26,NaN,61265,24856,,,3445,25130,256326,1634,303
2021-02-27,NaN,61450,24856,,,3453,24989,257258,1007,208
2021-02-28,NaN,61572,24856,,,3492,25280,257555,728,164
2021-03-01,NaN,61947,24856,,,3544,25430,258384,1393,347
2021-03-02,NaN,62247,24973,,,3586,25263,259893,1705,366
2021-03-03,NaN,62569,24973,,,3637,25111,261289,1622,322
2021-03-04,NaN,62862,24973,,,3633,24891,262690,1538,293
2021-03-05,NaN,63100,25174,,,3680,24765,263919,1397,324
2021-03-06,NaN,63270,25174,,,3689,24625,264909,1097,233
2021-03-07,NaN,63400,25174,,,3743,24818,265295,720,187
2021-03-08,NaN,63759,25174,,,3849,25195,266096,1584,381
2021-03-09,NaN,64057,25244,,,3918,25201,267539,1810,421
2021-03-10,NaN,64321,25311,,,3918,24969,269019,1574,343
2021-03-11,NaN,64586,25311,,,3992,24858,270433,1609,385
2021-03-12,NaN,64809,25311,,,4033,24749,271678,1448,306
2021-03-13,NaN,64978,25311,,,4070,24671,272615,1087,263
2021-03-14,NaN,65118,25311,,,4127,24989,272960,821,188
2021-03-15,NaN,65451,25311,,,4219,25469,273771,1676,401
2021-03-16,NaN,65765,25405,,,4239,25492,275360,2005,435
2021-03-17,NaN,66006,25405,,,4219,25314,276993,1745,357
2021-03-18,NaN,66274,25405,,,4246,25389,278263,1661,382
2021-03-19,NaN,66559,25405,,,4287,25339,279646,1699,383
2021-03-20,NaN,66735,25405,,,4353,25537,280571,1348,317
2021-03-21,NaN,66873,25405,,,4406,25926,280955,926,196
2021-03-22,NaN,67216,25405,,,4548,26488,281885,1902,471
2021-03-23,NaN,67503,25405,,,4634,26756,283507,2286,488
2021-03-24,NaN,67748,25405,,,4651,26876,285199,2130,384
2021-03-25,NaN,67973,25405,,,4709,27036,286607,1860,408
2021-03-26,NaN,68276,25999,,,4766,27242,288062,2048,476
2021-03-27,NaN,68466,25999,,,4791,27259,289350,1567,332
2021-03-28,NaN,68597,25999,,,4872,27712,289752,1017,238
2021-03-29,NaN,68957,25999,,,4974,28322,290810,2099,484
2021-03-30,NaN,69293,26044,,,5072,28510,292796,2579,569
2021-03-31,NaN,69596,26044,,,5053,28463,294638,2209,472
2021-04-01,NaN,69904,26044,,,5109,28581,296166,2035,480
2021-04-02,NaN,70204,26076,,,5254,28729,297734,2092,505
2021-04-03,NaN,70389,26076,,,5273,28886,299075,1730,399
2021-04-04,NaN,70574,26076,,,5341,29356,299624,1224,270
2021-04-05,NaN,70771,26076,,,5433,29907,300064,1219,284
2021-04-06,NaN,71180,26093,,,5626,30639,301299,2459,632
2021-04-07,NaN,71601,26093,,,5729,30904,303639,3131,673
2021-04-08,NaN,71944,26093,,,5705,30555,305711,2156,498
2021-04-09,NaN,72243,26124,,,5757,30326,307674,2120,498
2021-04-10,NaN,72450,26124,,,5769,30238,309136,1649,388
2021-04-11,NaN,72626,26124,,,5838,30671,309787,1305,286
2021-04-12,NaN,73011,26124,,,5916,31262,310934,2172,492
2021-04-13,NaN,73335,26145,,,5952,31226,313051,2501,555
2021-04-14,NaN,73632,26145,,,5902,30868,315152,2072,441
2021-04-15,NaN,73928,26145,,,5924,30668,317036,2062,501
2021-04-16,NaN,74234,26170,,,5914,30472,318923,2044,463
2021-04-17,NaN,74423,26170,,,5877,30329,320275,1471,359
2021-04-18,NaN,74563,26170,,,5893,30789,320757,1111,233
2021-04-19,NaN,75010,26170,,,5970,31214,321889,2066,502
2021-04-20,NaN,75384,26184,,,5984,31086,323961,2404,601
2021-04-21,NaN,75697,26184,,,5959,30954,325811,2095,476
2021-04-22,NaN,75980,26184,,,5981,30634,327668,1878,478
2021-04-23,NaN,76285,26211,,,5962,30438,329405,1932,436
2021-04-24,NaN,76502,26211,,,5958,30100,330838,1368,348
2021-04-25,NaN,76647,26211,,,5978,30287,331362,881,218
2021-04-26,NaN,77045,26211,,,6001,30596,332563,1944,470
2021-04-27,NaN,77370,26233,,,5943,30281,334577,2109,484
2021-04-28,NaN,77685,26233,,,5879,29911,336281,1708,349
2021-04-29,NaN,77991,26233,,,5804,29487,338000,1711,392
2021-04-30,NaN,78261,26253,,,5675,28930,339650,1433,323
2021-05-01,NaN,78453,26253,,,5581,28603,340997,1246,310
2021-05-02,NaN,78566,26253,,,5585,28818,341458,798,173
2021-05-03,NaN,78877,26253,,,5630,28950,342451,1495,386
2021-05-04,NaN,79120,26267,,,5504,28427,344265,1591,355
2021-05-05,NaN,79364,26267,,,5402,27686,346184,1459,312
2021-05-06,NaN,79583,26267,,,5231,26985,347768,1151,273
2021-05-07,NaN,79809,26292,,,5106,26331,349293,1140,269
2021-05-08,NaN,79985,26292,,,5005,25800,350471,844,191
2021-05-09,NaN,80100,26292,,,4971,25797,350873,527,124
2021-05-10,NaN,80392,26292,,,4870,25666,351795,1125,265
2021-05-11,NaN,80628,26307,,,4743,25028,353370,1239,285
2021-05-12,NaN,80812,26307,,,4583,24254,354860,965,217
2021-05-13,NaN,80943,26307,,,4442,23656,355927,618,139
2021-05-14,NaN,81116,26307,,,4352,23406,356700,733,152
2021-05-15,NaN,81228,26307,,,4271,22950,357613,580,134
2021-05-16,NaN,81309,26307,,,4255,22963,357928,416,102
2021-05-17,NaN,81505,26307,,,4186,22749,358776,871,204
2021-05-18,NaN,81692,26348,,,4015,22058,360213,996,247
2021-05-19,NaN,81833,26348,,,3862,21347,361460,712,168
2021-05-20,NaN,81966,26348,,,3769,20750,362593,709,202
2021-05-21,NaN,82075,26362,,,3631,20209,363600,625,139
2021-05-22,NaN,82164,26362,,,3544,19765,364391,468,115
2021-05-23,NaN,82234,26362,,,3515,19720,364695,324,73
2021-05-24,NaN,82296,26362,,,3496,19701,364902,260,66
2021-05-25,NaN,82494,26385,,,3447,19430,365739,796,205
2021-05-26,NaN,82638,26385,,,3330,18593,367046,671,181
2021-05-27,NaN,82780,26385,,,3206,17941,368023,499,127
2021-05-28,NaN,82878,26412,,,3104,17272,369109,539,155
2021-05-29,NaN,82946,26412,,,3028,16847,369789,334,93
2021-05-30,NaN,82990,26412,,,2993,16775,370014,199,43
2021-05-31,NaN,83116,26412,,,2945,16596,370577,529,140
2021-06-01,NaN,83243,26419,,,2825,16088,371500,596,145
2021-06-02,NaN,83339,26419,,,2754,15638,372310,491,106
2021-06-03,NaN,83409,26419,,,2677,15283,373033,458,94
2021-06-04,NaN,83490,26426,,,2571,14801,373818,408,91
2021-06-05,NaN,83547,26426,,,2525,14532,374281,267,62
2021-06-06,NaN,83572,26426,,,2527,14525,374416,154,52
2021-06-07,NaN,83636,26426,,,2472,14323,374909,383,97
2021-06-08,NaN,83708,26429,,,2394,13984,375569,405,106
2021-06-09,NaN,83773,26429,,,2326,13526,376342,391,94
2021-06-10,NaN,83841,26429,,,2245,13090,376974,297,74
2021-06-11,NaN,83910,26434,,,2163,12712,377596,313,66
2021-06-12,NaN,83944,26434,,,2110,12496,377961,198,48
2021-06-13,NaN,83957,26434,,,2106,12480,378063,111,26
2021-06-14,NaN,84020,26434,,,2068,12374,378429,325,71
2021-06-15,NaN,84096,26438,,,1952,11895,379108,300,69
2021-06-16,NaN,84140,26438,,,1873,11519,379635,198,39
2021-06-17,NaN,84196,26438,,,1799,11114,380195,225,46
2021-06-18,NaN,84246,26456,,,1740,10738,380667,171,53
2021-06-19,NaN,84268,26456,,,1703,10531,380930,102,24
2021-06-20,NaN,84282,26456,,,1703,10518,380979,51,15
2021-06-21,NaN,84322,26456,,,1655,10386,381278,216,48
2021-06-22,NaN,84373,26456,,,1560,10046,381726,181,47
2021-06-23,NaN,84406,26456,,,1509,9771,382124,167,42
2021-06-24,NaN,84450,26456,,,1439,9392,382593,140,27
2021-06-25,NaN,84483,26456,,,1389,9190,382897,148,39
2021-06-26,NaN,84495,26456,,,1349,9024,383122,81,14
2021-06-27,NaN,84512,26456,,,1345,8986,383185,42,13
2021-06-28,NaN,84556,26456,,,1304,8846,383447,176,41
2021-06-29,NaN,84584,26473,,,1250,8627,383768,134,29
2021-06-30,NaN,84609,26473,,,1204,8451,384051,158,31
2021-07-01,NaN,84638,26473,,,1162,8232,384338,109,30
2021-07-02,NaN,84662,26473,,,1123,8044,384616,118,17
2021-07-03,NaN,84679,26473,,,1102,7912,384781,79,17
2021-07-04,NaN,84688,26473,,,1104,7913,384812,41,12
2021-07-05,NaN,84724,26473,,,1077,7806,385013,137,30
2021-07-06,NaN,84758,26473,,,1032,7637,385289,149,30
2021-07-07,NaN,84786,26473,,,997,7539,385490,140,30
2021-07-08,NaN,84811,26473,,,971,7384,385720,100,26
2021-07-09,NaN,84829,26473,,,953,7275,385950,147,30
2021-07-10,NaN,84848,26473,,,947,7183,386122,101,9
2021-07-11,NaN,84852,26473,,,947,7183,386141,23,4
2021-07-12,NaN,84880,26473,,,957,7137,386424,267,55
2021-07-13,NaN,84902,26505,,,933,7076,386704,246,37
2021-07-14,NaN,84908,26505,,,931,7047,386839,115,19
2021-07-15,NaN,84924,26505,,,914,7054,387017,213,36
2021-07-16,NaN,84946,26505,,,899,6971,387297,220,33
2021-07-17,NaN,84962,26505,,,890,6922,387439,114,21
2021-07-18,NaN,84967,26505,,,891,6936,387469,54,9
2021-07-19,NaN,84987,26505,,,902,7041,387703,360,76
2021-07-20,NaN,85020,26505,,,876,6912,388118,327,61
2021-07-21,NaN,85042,26505,,,859,6869,388402,281,64
2021-07-22,NaN,85053,26505,,,868,6832,388707,292,59
2021-07-23,NaN,85082,26513,,,872,6802,389021,330,69
2021-07-24,NaN,85104,26513,,,878,6787,389197,182,35
2021-07-25,NaN,85110,26513,,,886,6843,389226,92,16
2021-07-26,NaN,85154,26514,,,952,7079,389531,607,135
2021-07-27,NaN,85182,26514,,,978,7137,389996,557,121
2021-07-28,NaN,85225,26515,,,992,7208,390367,490,91
2021-07-29,NaN,85252,26516,,,1015,7236,390784,501,91
2021-07-30,NaN,85312,26519,,,1072,7363,391216,640,165
2021-07-31,NaN,85355,26519,,,1099,7409,391581,467,91
2021-08-01,NaN,85373,26519,,,1137,7581,391689,312,69
2021-08-02,NaN,85424,26521,,,1232,7840,392055,688,170
2021-08-03,NaN,85480,26524,,,1331,7974,392634,818,218
2021-08-04,NaN,85528,26525,,,1371,8134,393129,772,157
2021-08-05,NaN,85577,26528,,,1420,8210,393723,712,150
2021-08-06,NaN,85637,26532,,,1458,8368,394324,862,165
2021-08-07,NaN,85669,26532,,,1510,8425,394709,482,136
2021-08-08,NaN,85697,26532,,,1556,8685,394910,498,117
2021-08-09,NaN,85765,26539,,,1667,9022,395310,833,230
2021-08-10,NaN,85833,26541,,,1712,9153,396002,944,211
2021-08-11,NaN,85886,26546,,,1745,9233,396616,773,158
2021-08-12,NaN,85963,26546,,,1807,9465,397162,894,191
2021-08-13,NaN,86037,26562,,,1831,9546,397828,836,188
2021-08-14,NaN,86088,26564,,,1837,9648,398257,606,118
2021-08-15,NaN,86132,26564,,,1852,9798,398445,399,73
2021-08-16,NaN,86228,26575,,,1908,10151,398924,950,178
2021-08-17,NaN,86339,26575,,,1953,10219,399763,1075,245
2021-08-18,NaN,86451,26585,,,2054,10336,400539,1036,299
2021-08-19,NaN,86578,26587,,,2049,10392,401284,976,186
2021-08-20,NaN,86660,26590,,,2091,10515,401946,887,214
2021-08-21,NaN,86789,26590,,,2106,10463,402615,805,165
2021-08-22,NaN,86883,26611,,,2128,10651,402848,542,103
2021-08-23,NaN,86991,26612,,,2215,11007,403285,943,235
2021-08-24,NaN,87143,26616,,,2221,11066,404141,1145,214
2021-08-25,NaN,87236,26626,,,2239,11171,404823,883,182
2021-08-26,NaN,87343,26641,,,2261,11104,405490,741,191
2021-08-27,NaN,87438,26652,,,2270,11162,406229,908,194
2021-08-28,NaN,87512,26652,,,2259,11052,406709,465,119
2021-08-29,NaN,87565,26652,,,2276,11092,406911,311,71
2021-08-30,NaN,87663,26667,,,2290,11245,407355,725,159
2021-08-31,NaN,87797,26668,,,2292,11120,408275,941,218
2021-09-01,NaN,87880,26680,,,2294,11119,408908,742,187
2021-09-02,NaN,87983,26686,,,2275,10934,409615,648,143
2021-09-03,NaN,88076,26688,,,2259,10816,410229,624,159
2021-09-04,NaN,88159,26688,,,2223,10654,410710,424,124
2021-09-05,NaN,88208,26688,,,2217,10644,410888,227,60
2021-09-06,NaN,88310,26712,,,2249,10757,411314,661,187
2021-09-07,NaN,88418,26712,,,2259,10646,412039,761,200
2021-09-08,NaN,88518,26731,,,2224,10438,412721,595,174
2021-09-09,NaN,88621,26742,,,2195,10323,413273,554,139
2021-09-10,NaN,88701,26756,,,2151,10115,413880,505,135
2021-09-11,NaN,88747,26756,,,2131,10018,414243,322,91
2021-09-12,NaN,88776,26756,,,2129,10012,414405,187,34
2021-09-13,NaN,88862,26767,,,2103,9986,414778,446,116
2021-09-14,NaN,88956,26767,,,2000,9739,415490,577,137
2021-09-15,NaN,89033,26770,,,1959,9555,416030,452,119
2021-09-16,NaN,89098,26779,,,1952,9297,416554,382,103
2021-09-17,NaN,89164,26805,,,1891,9070,417059,371,81
2021-09-18,NaN,89206,26805,,,1837,8912,417399,243,68
2021-09-19,NaN,89234,26805,,,1832,8887,417505,113,33
2021-09-20,NaN,89255,26814,,,1805,8845,417826,373,114
2021-09-21,NaN,89407,26815,,,1744,8594,418397,503,136
2021-09-22,NaN,89465,26817,,,1656,8414,418859,361,68
2021-09-23,NaN,89527,26821,,,1609,8237,419256,301,71
2021-09-24,NaN,89576,26825,,,1586,8107,419628,296,72
2021-09-25,NaN,89605,26825,,,1571,7980,419912,196,54
2021-09-26,NaN,89619,26825,,,1577,7994,419971,89,35
2021-09-27,NaN,89693,26835,,,1571,7980,420247,343,94
2021-09-28,NaN,89751,26835,,,1524,7801,420645,304,79
2021-09-29,NaN,89793,26836,,,1466,7726,420934,254,52
2021-09-30,NaN,89849,26841,,,1414,7565,421264,238,58
2021-10-01,NaN,89895,26844,,,1355,7410,421579,214,48
2021-10-02,NaN,89925,26844,,,1325,7294,421787,141,33
2021-10-03,NaN,89934,26844,,,1326,7308,421839,76,19
2021-10-04,NaN,89984,26849,,,1328,7299,422072,283,71
2021-10-05,NaN,90045,26849,,,1279,7096,422510,290,75
2021-10-06,NaN,90079,26854,,,1242,7038,422728,202,40
2021-10-07,NaN,90113,26856,,,1200,6903,423001,194,47
2021-10-08,NaN,90151,26859,,,1164,6805,423274,218,52
2021-10-09,NaN,90166,26859,,,1127,6706,423485,128,26
2021-10-10,NaN,90174,26859,,,1132,6737,423537,91,17
2021-10-11,NaN,90204,26864,,,1145,6729,423734,226,58
2021-10-12,NaN,90257,26864,,,1111,6629,424018,254,68
2021-10-13,NaN,90280,26865,,,1091,6601,424238,219,58
2021-10-14,NaN,90318,26867,,,1075,6523,424464,206,44
2021-10-15,NaN,90352,26869,,,1051,6470,424693,215,43
2021-10-16,NaN,90367,26869,,,1049,6437,424817,109,25
2021-10-17,NaN,90372,26869,,,1052,6448,424868,71,18
2021-10-18,NaN,90413,26874,,,1049,6468,425074,277,67
2021-10-19,NaN,90452,26874,,,1046,6483,425292,286,63
2021-10-20,NaN,90473,26879,,,1026,6465,425537,263,44
2021-10-21,NaN,90508,26881,,,1009,6453,425777,273,59
2021-10-22,NaN,90537,26881,,,1010,6400,426012,203,58
2021-10-23,NaN,90560,26881,,,1007,6348,426213,184,42
2021-10-24,NaN,90564,26881,,,1018,6377,426243,63,21
2021-10-25,NaN,90605,26883,,,1023,6405,426431,269,74
2021-10-26,NaN,90643,26883,,,1049,6445,426654,316,112
2021-10-27,NaN,90677,26882,,,1038,6489,426836,283,61
2021-10-28,NaN,90710,26883,,,1037,6541,427031,271,58
2021-10-29,NaN,90737,26884,,,1034,6534,427286,283,67
2021-10-30,NaN,90759,26884,,,1039,6524,427445,176,44
2021-10-31,NaN,90771,26884,,,1046,6572,427489,105,20
2021-11-01,NaN,90777,26884,,,1069,6639,427519,103,28
2021-11-02,NaN,90851,26897,,,1091,6680,427801,416,126
2021-11-03,NaN,90890,26893,,,1096,6764,428108,447,95
2021-11-04,NaN,90937,26895,,,1099,6718,428434,334,81
2021-11-05,NaN,90963,26895,,,1089,6735,428716,334,82
2021-11-06,NaN,90988,26895,,,1099,6667,428950,190,55
2021-11-07,NaN,90998,26895,,,1101,6709,428990,100,20
2021-11-08,NaN,91053,26897,,,1141,6865,429250,483,121
2021-11-09,NaN,91097,26897,,,1140,6851,429618,409,99
2021-11-10,NaN,91130,26897,,,1154,6906,429919,397,93
2021-11-11,NaN,91147,26897,,,1145,6952,430063,212,35
2021-11-12,NaN,91195,26897,,,1182,7046,430277,362,98
2021-11-13,NaN,91211,26897,,,1202,7050,430476,234,64
2021-11-14,NaN,91228,26897,,,1210,7111,430524,125,26
2021-11-15,NaN,91298,26902,,,1257,7361,430811,631,144
2021-11-16,NaN,91345,26902,,,1277,7535,431216,647,135
2021-11-17,NaN,91395,26908,,,1300,7663,431559,525,107
2021-11-18,NaN,91447,26908,,,1333,7787,431887,522,119
2021-11-19,NaN,91497,26908,,,1353,7940,432215,563,129
2021-11-20,NaN,91520,26908,,,1333,7974,432421,269,40
2021-11-21,NaN,91535,26908,,,1339,8038,432497,158,27
2021-11-22,NaN,91629,26911,,,1406,8338,432957,865,188
2021-11-23,NaN,91713,26911,,,1455,8525,433411,759,192
2021-11-24,NaN,91793,26912,,,1483,8765,433833,770,137
2021-11-25,NaN,91865,26912,,,1499,8981,434310,778,139
2021-11-26,NaN,91925,26912,,,1563,9181,434775,744,176
2021-11-27,NaN,91959,26912,,,1617,9271,435027,388,102
2021-11-28,NaN,91982,26912,,,1632,9381,435119,224,42
2021-11-29,NaN,92085,26931,,,1749,9860,435531,1043,253
2021-11-30,NaN,92199,26932,,,1824,10249,436187,1187,271
2021-12-01,NaN,92292,26935,,,1886,10558,436766,992,215
2021-12-02,NaN,92395,26935,,,1934,10790,437363,950,193
2021-12-03,NaN,92508,26949,,,2058,11103,438044,1153,281
2021-12-04,NaN,92557,26949,,,2037,11340,438440,694,119
2021-12-05,NaN,92586,26949,,,2066,11526,438589,369,70
2021-12-06,NaN,92778,26949,,,2191,12096,439237,1424,307
2021-12-07,NaN,92942,26957,,,2351,12714,440066,1665,408
2021-12-08,NaN,93071,26961,,,2426,13044,440865,1288,276
2021-12-09,NaN,93198,26970,,,2461,13363,441638,1250,243
2021-12-10,NaN,93339,26979,,,2498,13629,442473,1293,250
2021-12-11,NaN,93404,26979,,,2539,13855,442940,787,176
2021-12-12,NaN,93452,26979,,,2602,14050,443159,472,111
2021-12-13,NaN,93683,26991,,,2752,14527,443933,1505,379
2021-12-14,NaN,93841,26991,,,2792,14819,445100,1662,362
2021-12-15,NaN,93992,26991,,,2843,15062,446101,1453,274
2021-12-16,NaN,94157,27014,,,2832,15142,447156,1342,248
2021-12-17,NaN,94319,27014,,,2901,15410,448151,1449,301
2021-12-18,NaN,94404,27014,,,2933,15370,448891,816,190
2021-12-19,NaN,94479,27014,,,2936,15528,449128,485,91
2021-12-20,NaN,94703,27014,,,3025,15918,449970,1466,340
2021-12-21,NaN,94913,27033,,,3096,16076,451213,1661,357
2021-12-22,NaN,95083,27033,,,3147,16118,452365,1404,322
2021-12-23,NaN,95262,27033,,,3208,16060,453573,1347,323
2021-12-24,NaN,95429,27033,,,3254,16173,454659,1398,316
2021-12-25,NaN,95513,27033,,,3282,16162,455323,760,160
2021-12-26,NaN,95609,27033,,,3299,16365,455508,506,93
2021-12-27,NaN,95865,27033,,,3333,16921,456295,1634,328
2021-12-28,NaN,96107,27081,,,3416,17405,457594,2110,417
2021-12-29,NaN,96291,27081,,,3469,17856,458891,1949,363
2021-12-30,NaN,96471,27081,,,3506,18321,460123,1922,299
2021-12-31,NaN,96660,27081,,,3543,18715,461407,1928,320
2022-01-01,NaN,96770,27081,,,3560,18811,462266,1102,197
2022-01-02,NaN,96861,27081,,,3572,19043,462576,652,101
2022-01-03,NaN,97131,27081,,,3654,19606,463863,2160,352
2022-01-04,NaN,97424,27139,,,3665,20186,465820,2881,460
2022-01-05,NaN,97670,27139,,,3695,20688,467508,2483,396
2022-01-06,NaN,97874,27139,,,3759,21169,469181,2401,410
2022-01-07,NaN,98067,27139,,,3815,21605,470797,2308,358
2022-01-08,NaN,98209,27139,,,3821,21721,472027,1485,243
2022-01-09,NaN,98299,27139,,,3847,21982,472488,842,151
2022-01-10,NaN,98579,27139,,,3904,22749,473916,2543,380
2022-01-11,NaN,98847,27212,,,3969,23371,476124,3149,492
2022-01-12,NaN,99093,27212,,,3985,23889,478097,2806,381
2022-01-13,NaN,99318,27212,,,3939,24154,480068,2513,334
2022-01-14,NaN,99509,27212,,,3895,24511,481964,2486,310
2022-01-15,NaN,99657,27212,,,3852,24544,483438,1690,218
2022-01-16,NaN,99755,27212,,,3852,24887,484007,1029,119
2022-01-17,NaN,100051,27212,,,3913,25776,485556,2815,355
2022-01-18,NaN,100339,27299,,,3881,26526,487977,3509,367
2022-01-19,NaN,100570,27299,,,3852,27230,490192,3187,330
2022-01-20,NaN,100815,27299,,,3842,27931,492256,3053,301
2022-01-21,NaN,101048,27299,,,3792,28457,494500,3077,329
2022-01-22,NaN,101215,27299,,,3746,28515,496206,1994,214
2022-01-23,NaN,101330,27299,,,3760,28838,496840,1094,143
2022-01-24,NaN,101723,27299,,,3776,29748,498806,3353,337
2022-01-25,NaN,102086,27403,,,3741,30189,501762,3842,380
2022-01-26,NaN,102344,27403,,,3712,30624,504330,3297,341
2022-01-27,NaN,102612,27403,,,3694,30982,506728,3095,316
2022-01-28,NaN,102875,27403,,,3656,31271,509211,3098,321
2022-01-29,NaN,103053,27403,,,3634,31282,510921,1911,189
2022-01-30,NaN,103180,27403,,,3641,31536,511612,1090,115
2022-01-31,NaN,103528,27403,,,3700,32374,513540,3147,334
2022-02-01,NaN,103909,27403,,,3751,32894,516458,3917,454
2022-02-02,NaN,104185,27403,,,3700,32720,519409,3230,366
2022-02-03,NaN,104449,27403,,,3643,32852,521380,3091,310
2022-02-04,NaN,104804,27403,,,3618,32988,524878,4033,402
2022-02-05,NaN,104974,27403,,,3606,32867,526609,1816,225
2022-02-06,NaN,105103,27403,,,3577,33027,527202,902,106
2022-02-07,NaN,105520,27403,,,3622,33447,529180,2830,328
2022-02-08,NaN,105882,27732,,,3555,33352,531940,3060,320
2022-02-09,NaN,106137,27760,,,3503,32878,534705,2614,296
2022-02-10,NaN,106447,27820,,,3416,32415,537208,2420,288
2022-02-11,NaN,106716,27820,,,3371,31939,539749,2377,245
2022-02-12,NaN,106877,27820,,,3324,31522,541311,1329,156
2022-02-13,NaN,106984,27820,,,3305,31621,541777,697,90
2022-02-14,NaN,107369,27820,,,3296,31532,543647,2215,311
2022-02-15,NaN,107670,27909,,,3235,31091,546183,2454,291
2022-02-16,NaN,107913,27942,,,3126,30578,548385,1975,207
2022-02-17,NaN,108171,27971,,,3055,29843,550715,1882,228
2022-02-18,NaN,108444,28002,,,2970,29194,552837,1795,196
2022-02-19,NaN,108592,28002,,,2918,28632,554200,978,127
2022-02-20,NaN,108671,28037,,,2923,28643,554598,495,67
2022-02-21,NaN,108954,28037,,,2905,28383,556126,1570,210
2022-02-22,NaN,109240,28037,,,2842,27566,558452,1834,206
2022-02-23,NaN,109452,28037,,,2753,26881,560486,1592,177
2022-02-24,NaN,109649,28121,,,2656,26118,562358,1352,150
2022-02-25,NaN,109837,28121,,,2546,25484,564082,1285,111
2022-02-26,NaN,109928,28131,,,2484,25264,564911,712,62
2022-02-27,NaN,109980,28155,,,2491,25277,565221,384,59
2022-02-28,NaN,110212,28155,,,2456,25079,566378,1210,163
2022-03-01,NaN,110412,28164,,,2408,24437,568119,1330,218
2022-03-02,NaN,110577,28185,,,2329,23840,569768,1249,153
2022-03-03,NaN,110744,28198,,,2231,23175,571248,1037,100
2022-03-04,NaN,110898,28225,,,2153,22643,572604,1012,104
2022-03-05,NaN,111006,28237,,,2075,22196,573476,542,55
2022-03-06,NaN,111038,28237,,,2079,22253,573639,256,28
2022-03-07,NaN,111211,28240,,,2089,22208,574749,1274,153
2022-03-08,NaN,111376,28242,,,2036,21899,576142,1312,125
2022-03-09,NaN,111511,28262,,,1962,21509,577508,1147,120
2022-03-10,NaN,111611,28269,,,1928,21287,578723,1122,121
2022-03-11,NaN,111744,28285,,,1875,21024,579930,1099,119
2022-03-12,NaN,111795,28285,,,1857,20860,580578,577,57
2022-03-13,NaN,111824,28285,,,1855,20917,580769,285,27
2022-03-14,NaN,111984,28310,,,1826,20925,581897,1318,118
2022-03-15,NaN,112128,28312,,,1783,20919,583270,1553,141
2022-03-16,NaN,112273,28340,,,1728,20757,584548,1313,97
2022-03-17,NaN,112379,28350,,,1695,20609,585730,1164,100
2022-03-18,NaN,112480,28361,,,1674,20519,586852,1182,118
2022-03-19,NaN,112534,28369,,,1644,20440,587475,620,51
2022-03-20,NaN,112561,28372,,,1642,20566,587639,323,30
2022-03-21,NaN,112713,28372,,,1632,20706,588719,1401,124
2022-03-22,NaN,112843,28375,,,1604,20742,590037,1562,147
2022-03-23,NaN,112934,28385,,,1564,20653,591389,1373,109
2022-03-24,NaN,113046,28397,,,1523,20654,592602,1338,101
2022-03-25,NaN,113158,28406,,,1489,20616,593988,1488,117
2022-03-26,NaN,113217,28414,,,1481,20532,594630,619,54
2022-03-27,NaN,113242,28430,,,1486,20606,594814,292,32
2022-03-28,NaN,113391,28430,,,1533,21073,595854,1694,174
2022-03-29,NaN,113527,28458,,,1538,21300,597352,1892,154
2022-03-30,NaN,113659,28475,,,1546,21688,598673,1892,152
2022-03-31,NaN,113779,28494,,,1551,21922,600034,1763,160
2022-04-01,NaN,113904,28503,,,1537,22066,601418,1682,148
2022-04-02,NaN,113961,28514,,,1523,22113,602269,969,77
2022-04-03,NaN,113985,28521,,,1539,22251,602444,347,37
2022-04-04,NaN,114131,28524,,,1541,22835,603702,2021,177
2022-04-05,NaN,114258,28526,,,1552,23010,605372,2052,199
2022-04-06,NaN,114374,28538,,,1561,23014,607194,1948,164
2022-04-07,NaN,114469,28548,,,1572,23272,608546,1760,135
2022-04-08,NaN,114593,28563,,,1554,23404,610159,1903,160
2022-04-09,NaN,114667,28576,,,1543,23474,611100,1103,69
2022-04-10,NaN,114695,28593,,,1562,23626,611319,401,47
2022-04-11,NaN,114871,28595,,,1589,24205,612633,2099,171
2022-04-12,NaN,115027,28598,,,1644,24693,614551,2619,269
2022-04-13,NaN,115161,28616,,,1650,24778,616385,2069,179
2022-04-14,NaN,115284,28626,,,1648,24828,618020,1836,189
2022-04-15,NaN,115427,28634,,,1652,24909,619696,1953,209
2022-04-16,NaN,115472,28650,,,1630,24894,620535,885,63
2022-04-17,NaN,115501,28656,,,1636,24922,620786,315,38
2022-04-18,NaN,115545,28660,,,1635,24990,621002,341,34
2022-04-19,NaN,115726,28661,,,1681,25277,622698,2195,203
2022-04-20,NaN,115947,28667,,,1677,25179,625022,2537,261
2022-04-21,NaN,116114,28685,,,1684,25018,626816,1842,181
2022-04-22,NaN,116253,28692,,,1645,24883,628608,1829,153
2022-04-23,NaN,116312,28708,,,1636,24840,629485,916,69
2022-04-24,NaN,116345,28715,,,1640,24888,629768,372,35
2022-04-25,NaN,116541,28716,,,1659,24980,631303,1835,198
2022-04-26,NaN,116708,28719,,,1667,24703,633262,1932,202
2022-04-27,NaN,116854,28725,,,1658,24431,634936,1580,168
2022-04-28,NaN,116970,28741,,,1629,24130,636491,1403,155
2022-04-29,NaN,117119,28750,,,1591,23579,638182,1326,141
2022-04-30,NaN,117171,28759,,,1562,23302,638905,558,45
2022-05-01,NaN,117193,28769,,,1557,23327,639061,208,19
2022-05-02,NaN,117371,28771,,,1511,23211,640425,1442,139
2022-05-03,NaN,117491,28771,,,1498,22849,642084,1463,142
2022-05-04,NaN,117593,28783,,,1465,22319,643460,991,98
2022-05-05,NaN,117708,28790,,,1447,21880,644866,1116,117
2022-05-06,NaN,117810,28798,,,1408,21277,645611,939,102
2022-05-07,NaN,117869,28801,,,1397,20963,647071,1225,116
2022-05-08,NaN,117912,28812,,,1403,20939,647235,193,24
2022-05-09,NaN,118044,28812,,,1380,20835,648234,1029,115
2022-05-10,NaN,118166,28813,,,1364,20499,649583,1167,141
2022-05-11,NaN,118253,28822,,,1329,20152,650824,993,94
2022-05-12,NaN,118337,28822,,,1292,19762,651942,830,91
2022-05-13,NaN,118431,28826,,,1233,19272,653050,756,77
2022-05-14,NaN,118494,28837,,,1213,18901,653734,387,42
2022-05-15,NaN,118508,28844,,,1214,18935,653827,145,13
2022-05-16,NaN,118633,28845,,,1199,18742,654775,900,94
2022-05-17,NaN,118723,28845,,,1173,18290,655984,883,106